scenario	screenshot	category	status	glyph_median_px	block_height_px	left_px	bottom_px	right_px	top_px	contrast_ratio	background	overflow	text_overlaps	ui_occlusions	failures	hierarchy	text
en day1 swimming	playmode-en-day1-swimming-1280x800.png	exploration-world	FAIL	9.7	32.7	550.7	406.6	711.8	439.3	14.9	world-badge:자원 안내	0			height	[BOOTSTRAP] 김씨 생존기: 무인도/Runtime Placeholder World/Water Search · Food/자원 안내/안내 문구	Swim to Search/Food ×2
en day1 swimming	playmode-en-day1-swimming-1280x800.png	exploration-world	FAIL	9.7	36.1	345.9	337.8	507.0	373.9	14.9	world-badge:자원 안내	0			height	[BOOTSTRAP] 김씨 생존기: 무인도/Runtime Placeholder World/Water Search · Salvage/자원 안내/안내 문구	Swim to Search/Salvage ×2
en day1 swimming	playmode-en-day1-swimming-1280x800.png	ui-info	PASS	12.0	12.3	1155.7	396.6	1252.4	408.9	6.6	ui-image:가방 0	0			none	[BOOTSTRAP] 김씨 생존기: 무인도/Canvas · ui.survival-hud/가방 · icon.resource-tool-set/가방 0/라벨	1. Wood ×2
en day1 swimming	playmode-en-day1-swimming-1280x800.png	ui-info	PASS	12.0	15.5	1165.5	319.6	1241.9	335.1	12.1	ui-image:가방 1	0			none	[BOOTSTRAP] 김씨 생존기: 무인도/Canvas · ui.survival-hud/가방 · icon.resource-tool-set/가방 1/라벨	2. Empty
en day1 swimming	playmode-en-day1-swimming-1280x800.png	ui-info	PASS	12.0	15.5	1165.8	245.9	1241.9	261.3	12.1	ui-image:가방 2	0			none	[BOOTSTRAP] 김씨 생존기: 무인도/Canvas · ui.survival-hud/가방 · icon.resource-tool-set/가방 2/라벨	3. Empty
en day1 swimming	playmode-en-day1-swimming-1280x800.png	ui-info	PASS	12.0	15.4	1165.2	172.1	1241.9	187.5	12.1	ui-image:가방 3	0			none	[BOOTSTRAP] 김씨 생존기: 무인도/Canvas · ui.survival-hud/가방 · icon.resource-tool-set/가방 3/라벨	4. Empty
en day1 swimming	playmode-en-day1-swimming-1280x800.png	ui-info	PASS	16.5	47.3	1073.7	447.4	1332.0	494.8	14.0	ui-image:가방 · icon.resource-tool-set	1			bounds,overflow	[BOOTSTRAP] 김씨 생존기: 무인도/Canvas · ui.survival-hud/가방 · icon.resource-tool-set/가방 제목	4-Slot Expedition Bag/Maximum 2 per stack
en day1 swimming	playmode-en-day1-swimming-1280x800.png	ui-info	PASS	11.6	19.4	234.4	644.4	1045.3	663.8	18.5	ui-image:김씨 독백 · 배치 상태 · effect.comedy-feedback	0			none	[BOOTSTRAP] 김씨 생존기: 무인도/Canvas · ui.survival-hud/김씨 독백 · 배치 상태 · effect.comedy-feedback/김씨 독백 또는 배치 상태	Mr. Kim enters the water. It is colder—and the bag heavier—than expected.
en day1 swimming	playmode-en-day1-swimming-1280x800.png	ui-info	PASS	15.7	44.6	-85.9	727.4	326.9	772.0	18.1	ui-image:상태 HUD	0			bounds	[BOOTSTRAP] 김씨 생존기: 무인도/Canvas · ui.survival-hud/상태 HUD/날짜·상태	DAY 1/3 · Swimming the shallows/Hunger 75 | Energy 94 | Daylight 100
en day1 swimming	playmode-en-day1-swimming-1280x800.png	ui-info	PASS	14.1	40.1	981.9	729.8	1366.9	769.9	14.5	ui-image:상태 HUD	0			bounds	[BOOTSTRAP] 김씨 생존기: 무인도/Canvas · ui.survival-hud/상태 HUD/보유 자원	Wood 2   Stone 1   Food 1   Salvage 0/Signal 0/2   Axe None   Rope None
en day1 swimming	playmode-en-day1-swimming-1280x800.png	ui-info	PASS	9.2	15.4	1165.1	34.0	1319.0	49.4	8.2	ui-image:언어 설정	0			bounds	[BOOTSTRAP] 김씨 생존기: 무인도/Canvas · ui.survival-hud/조작 안내/언어 설정/라벨	English → Korean
en day1 swimming	playmode-en-day1-swimming-1280x800.png	ui-info	PASS	10.0	17.0	-46.2	33.2	1052.9	50.2	18.1	ui-image:조작 안내	0			bounds	[BOOTSTRAP] 김씨 생존기: 무인도/Canvas · ui.survival-hud/조작 안내/조작	Keyboard & Mouse · A/D or stick move · Auto-swim at shore · Space/A jump · E/X search · R/B return · F1/Y language
en day1 swimming	playmode-en-day1-swimming-1280x800.png	world-info	PASS	21.7	22.4	901.8	614.6	908.6	636.9	1.4	screenshot-border-median	0			none	[BOOTSTRAP] 김씨 생존기: 무인도/Runtime Placeholder World/귀환 지점/라벨	CAMP
en day2 exploration	playmode-en-day2-exploration-1280x800.png	exploration-world	FAIL	12.7	12.9	824.6	315.4	915.4	328.4	17.4	world-badge:자원 안내	0			height	[BOOTSTRAP] 김씨 생존기: 무인도/Runtime Placeholder World/Gather · Wood/자원 안내/안내 문구	Wood ×2
en day2 exploration	playmode-en-day2-exploration-1280x800.png	exploration-world	FAIL	9.7	32.7	388.6	406.6	549.6	439.3	14.9	world-badge:자원 안내	0			height	[BOOTSTRAP] 김씨 생존기: 무인도/Runtime Placeholder World/Water Search · Food/자원 안내/안내 문구	Swim to Search/Food ×2
en day2 exploration	playmode-en-day2-exploration-1280x800.png	exploration-world	FAIL	9.7	36.1	183.8	337.8	344.8	373.9	14.9	world-badge:자원 안내	0			height	[BOOTSTRAP] 김씨 생존기: 무인도/Runtime Placeholder World/Water Search · Salvage/자원 안내/안내 문구	Swim to Search/Salvage ×2
en day2 exploration	playmode-en-day2-exploration-1280x800.png	ui-info	PASS	9.2	15.6	1145.8	393.4	1262.3	409.1	2.4	ui-image:가방 0	0			none	[BOOTSTRAP] 김씨 생존기: 무인도/Canvas · ui.survival-hud/가방 · icon.resource-tool-set/가방 0/라벨	1. Salvage ×2
en day2 exploration	playmode-en-day2-exploration-1280x800.png	ui-info	PASS	12.0	12.3	1154.1	322.9	1252.4	335.1	6.6	ui-image:가방 1	0			none	[BOOTSTRAP] 김씨 생존기: 무인도/Canvas · ui.survival-hud/가방 · icon.resource-tool-set/가방 1/라벨	2. Wood ×2
en day2 exploration	playmode-en-day2-exploration-1280x800.png	ui-info	PASS	12.0	12.3	1154.4	249.1	1252.4	261.3	6.6	ui-image:가방 2	0			none	[BOOTSTRAP] 김씨 생존기: 무인도/Canvas · ui.survival-hud/가방 · icon.resource-tool-set/가방 2/라벨	3. Wood ×2
en day2 exploration	playmode-en-day2-exploration-1280x800.png	ui-info	PASS	9.2	15.6	1143.9	172.1	1262.3	187.7	2.4	ui-image:가방 3	0			none	[BOOTSTRAP] 김씨 생존기: 무인도/Canvas · ui.survival-hud/가방 · icon.resource-tool-set/가방 3/라벨	4. Salvage ×2
en day2 exploration	playmode-en-day2-exploration-1280x800.png	ui-info	PASS	16.5	47.3	1073.7	447.4	1332.0	494.8	14.0	ui-image:가방 · icon.resource-tool-set	1			bounds,overflow	[BOOTSTRAP] 김씨 생존기: 무인도/Canvas · ui.survival-hud/가방 · icon.resource-tool-set/가방 제목	4-Slot Expedition Bag/Maximum 2 per stack
en day2 exploration	playmode-en-day2-exploration-1280x800.png	ui-info	PASS	15.0	15.6	419.4	648.4	860.2	664.1	18.5	ui-image:김씨 독백 · 배치 상태 · effect.comedy-feedback	0			none	[BOOTSTRAP] 김씨 생존기: 무인도/Canvas · ui.survival-hud/김씨 독백 · 배치 상태 · effect.comedy-feedback/김씨 독백 또는 배치 상태	Left Wood behind and took the new item.
en day2 exploration	playmode-en-day2-exploration-1280x800.png	ui-info	PASS	15.7	44.6	-85.9	727.4	326.9	772.0	18.1	ui-image:상태 HUD	0			bounds	[BOOTSTRAP] 김씨 생존기: 무인도/Canvas · ui.survival-hud/상태 HUD/날짜·상태	DAY 2/3 · Island expedition/Hunger 50 | Energy 66 | Daylight 100
en day2 exploration	playmode-en-day2-exploration-1280x800.png	ui-info	PASS	14.1	40.1	979.7	729.8	1366.8	769.9	14.5	ui-image:상태 HUD	0			bounds	[BOOTSTRAP] 김씨 생존기: 무인도/Canvas · ui.survival-hud/상태 HUD/보유 자원	Wood 0   Stone 1   Food 1   Salvage 0/Signal 0/2   Axe Owned   Rope Owned
en day2 exploration	playmode-en-day2-exploration-1280x800.png	ui-info	PASS	9.2	15.4	1165.1	34.0	1319.0	49.4	8.2	ui-image:언어 설정	0			bounds	[BOOTSTRAP] 김씨 생존기: 무인도/Canvas · ui.survival-hud/조작 안내/언어 설정/라벨	English → Korean
en day2 exploration	playmode-en-day2-exploration-1280x800.png	ui-info	PASS	10.0	17.0	-46.2	33.2	1052.9	50.2	18.1	ui-image:조작 안내	0			bounds	[BOOTSTRAP] 김씨 생존기: 무인도/Canvas · ui.survival-hud/조작 안내/조작	Keyboard & Mouse · A/D or stick move · Auto-swim at shore · Space/A jump · E/X search · R/B return · F1/Y language
en day2 exploration	playmode-en-day2-exploration-1280x800.png	world-info	PASS	21.7	22.4	739.7	614.6	746.5	636.9	1.4	screenshot-border-median	0			none	[BOOTSTRAP] 김씨 생존기: 무인도/Runtime Placeholder World/귀환 지점/라벨	CAMP
en placement invalid	playmode-en-placement-invalid-1280x800.png	placement-status	FAIL	16.7	47.0	322.6	630.5	957.0	677.5	13.0	ui-image:김씨 독백 · 배치 상태 · effect.comedy-feedback	0			height	[BOOTSTRAP] 김씨 생존기: 무인도/Canvas · ui.survival-hud/김씨 독백 · 배치 상태 · effect.comedy-feedback/김씨 독백 또는 배치 상태	[ INVALID ]/Keep it inside the compatible camp build area.
en placement invalid	playmode-en-placement-invalid-1280x800.png	placement-world	FAIL	9.1	30.5	304.7	139.5	446.9	170.0	11.1	world-badge:world.entrance 안내	0			height	[BOOTSTRAP] 김씨 생존기: 무인도/Runtime Placeholder World/world.entrance 안내/안내 문구	Keep Entrance Clear
en placement invalid	playmode-en-placement-invalid-1280x800.png	placement-world	FAIL	11.9	15.1	571.5	145.7	708.8	160.8	8.8	world-badge:world.required_path 안내	0			height	[BOOTSTRAP] 김씨 생존기: 무인도/Runtime Placeholder World/world.required_path 안내/안내 문구	Required Path
en placement invalid	playmode-en-placement-invalid-1280x800.png	placement-world	FAIL	11.9	33.7	1162.2	231.9	1345.9	265.5	10.9	world-badge:구조 신호대 전용 앵커 안내	0			height,bounds	[BOOTSTRAP] 김씨 생존기: 무인도/Runtime Placeholder World/구조 신호대 전용 앵커 안내/안내 문구	Dedicated Anchor · Signal 0/2
en placement invalid	playmode-en-placement-invalid-1280x800.png	placement-world	FAIL	9.1	30.7	128.0	291.0	300.3	321.7	10.7	world-badge:배치 판정	0			height	[BOOTSTRAP] 김씨 생존기: 무인도/Runtime Placeholder World/배치 유령 · object.camp-structures/배치 판정/안내 문구	Campfire/Invalid Placement
en placement invalid	playmode-en-placement-invalid-1280x800.png	placement-world	FAIL	9.1	33.7	763.4	136.5	1002.7	170.2	11.9	world-badge:호환 건설 구역 안내	0			height	[BOOTSTRAP] 김씨 생존기: 무인도/Runtime Placeholder World/호환 건설 구역 안내/안내 문구	General Facilities · 0.5m Floor Snap
en placement invalid	playmode-en-placement-invalid-1280x800.png	ui-info	PASS	15.7	44.6	-85.9	727.4	227.9	772.0	18.1	ui-image:상태 HUD	0			bounds	[BOOTSTRAP] 김씨 생존기: 무인도/Canvas · ui.survival-hud/상태 HUD/날짜·상태	DAY 1/3 · Camp preparation/Hunger 75 | Energy 100
en placement invalid	playmode-en-placement-invalid-1280x800.png	ui-info	PASS	14.1	40.1	945.6	729.8	1366.9	769.9	14.5	ui-image:상태 HUD	0			bounds	[BOOTSTRAP] 김씨 생존기: 무인도/Canvas · ui.survival-hud/상태 HUD/보유 자원	Wood 12   Stone 11   Food 1   Salvage 10/Signal 0/2   Axe None   Rope None
en placement invalid	playmode-en-placement-invalid-1280x800.png	ui-info	PASS	9.2	15.4	1165.1	34.0	1319.0	49.4	8.2	ui-image:언어 설정	0			bounds	[BOOTSTRAP] 김씨 생존기: 무인도/Canvas · ui.survival-hud/조작 안내/언어 설정/라벨	English → Korean
en placement invalid	playmode-en-placement-invalid-1280x800.png	ui-info	PASS	10.0	17.0	45.6	33.2	961.1	50.2	18.1	ui-image:조작 안내	0			none	[BOOTSTRAP] 김씨 생존기: 무인도/Canvas · ui.survival-hud/조작 안내/조작	Keyboard & Mouse · Move with mouse · Click/Enter confirm · Right-click/Esc cancel · F1 language
en placement valid	playmode-en-placement-valid-1280x800.png	placement-status	FAIL	16.7	47.0	414.7	630.5	866.3	677.5	11.1	ui-image:김씨 독백 · 배치 상태 · effect.comedy-feedback	0			height	[BOOTSTRAP] 김씨 생존기: 무인도/Canvas · ui.survival-hud/김씨 독백 · 배치 상태 · effect.comedy-feedback/김씨 독백 또는 배치 상태	[ VALID ]/Place Campfire · 0.5m floor snap
en placement valid	playmode-en-placement-valid-1280x800.png	placement-world	FAIL	9.1	30.5	304.7	139.5	446.9	170.0	11.1	world-badge:world.entrance 안내	0			height	[BOOTSTRAP] 김씨 생존기: 무인도/Runtime Placeholder World/world.entrance 안내/안내 문구	Keep Entrance Clear
en placement valid	playmode-en-placement-valid-1280x800.png	placement-world	FAIL	11.9	15.1	571.5	145.7	708.8	160.8	8.8	world-badge:world.required_path 안내	0			height	[BOOTSTRAP] 김씨 생존기: 무인도/Runtime Placeholder World/world.required_path 안내/안내 문구	Required Path
en placement valid	playmode-en-placement-valid-1280x800.png	placement-world	FAIL	11.9	33.7	1162.2	231.9	1345.9	265.5	10.9	world-badge:구조 신호대 전용 앵커 안내	0			height,bounds	[BOOTSTRAP] 김씨 생존기: 무인도/Runtime Placeholder World/구조 신호대 전용 앵커 안내/안내 문구	Dedicated Anchor · Signal 0/2
en placement valid	playmode-en-placement-valid-1280x800.png	placement-world	FAIL	11.7	30.7	433.4	291.0	590.5	321.7	8.8	world-badge:배치 판정	0			height	[BOOTSTRAP] 김씨 생존기: 무인도/Runtime Placeholder World/배치 유령 · object.camp-structures/배치 판정/안내 문구	Campfire/Valid Placement
en placement valid	playmode-en-placement-valid-1280x800.png	placement-world	FAIL	9.1	33.7	763.4	136.5	1002.7	170.2	11.9	world-badge:호환 건설 구역 안내	0			height	[BOOTSTRAP] 김씨 생존기: 무인도/Runtime Placeholder World/호환 건설 구역 안내/안내 문구	General Facilities · 0.5m Floor Snap
en placement valid	playmode-en-placement-valid-1280x800.png	ui-info	PASS	15.7	44.6	-85.9	727.4	227.9	772.0	18.1	ui-image:상태 HUD	0			bounds	[BOOTSTRAP] 김씨 생존기: 무인도/Canvas · ui.survival-hud/상태 HUD/날짜·상태	DAY 1/3 · Camp preparation/Hunger 75 | Energy 100
en placement valid	playmode-en-placement-valid-1280x800.png	ui-info	PASS	14.1	40.1	945.6	729.8	1366.9	769.9	14.5	ui-image:상태 HUD	0			bounds	[BOOTSTRAP] 김씨 생존기: 무인도/Canvas · ui.survival-hud/상태 HUD/보유 자원	Wood 12   Stone 11   Food 1   Salvage 10/Signal 0/2   Axe None   Rope None
en placement valid	playmode-en-placement-valid-1280x800.png	ui-info	PASS	9.2	15.4	1165.1	34.0	1319.0	49.4	8.2	ui-image:언어 설정	0			bounds	[BOOTSTRAP] 김씨 생존기: 무인도/Canvas · ui.survival-hud/조작 안내/언어 설정/라벨	English → Korean
en placement valid	playmode-en-placement-valid-1280x800.png	ui-info	PASS	10.0	17.0	45.6	33.2	961.1	50.2	18.1	ui-image:조작 안내	0			none	[BOOTSTRAP] 김씨 생존기: 무인도/Canvas · ui.survival-hud/조작 안내/조작	Keyboard & Mouse · Move with mouse · Click/Enter confirm · Right-click/Esc cancel · F1 language
en rescue result	playmode-en-rescue-result-1280x800.png	ui-info	PASS	12.0	44.1	338.7	343.8	940.3	388.0	18.6	ui-image:결과	0	world-info:Rain Collector/↔ Move Free=50.5%		none	[BOOTSTRAP] 김씨 생존기: 무인도/Canvas · ui.survival-hud/결과/결과 설명	The improvised antenna worked by a miracle. Mr. Kim took a photo before the rescuers arrived.
en rescue result	playmode-en-rescue-result-1280x800.png	ui-info	PASS	22.4	30.2	435.7	475.5	844.1	505.7	13.3	ui-image:결과	0			none	[BOOTSTRAP] 김씨 생존기: 무인도/Canvas · ui.survival-hud/결과/결과 제목	Rescue Successful!
en rescue result	playmode-en-rescue-result-1280x800.png	ui-info	PASS	9.2	12.2	610.0	235.3	671.4	247.5	8.2	ui-image:다시 시작	0			none	[BOOTSTRAP] 김씨 생존기: 무인도/Canvas · ui.survival-hud/결과/다시 시작/라벨	Restart
en rescue result	playmode-en-rescue-result-1280x800.png	ui-info	PASS	11.6	39.1	219.6	636.7	1060.0	675.8	18.5	ui-image:김씨 독백 · 배치 상태 · effect.comedy-feedback	0			none	[BOOTSTRAP] 김씨 생존기: 무인도/Canvas · ui.survival-hud/김씨 독백 · 배치 상태 · effect.comedy-feedback/김씨 독백 또는 배치 상태	The improvised antenna worked by a miracle. Mr. Kim took a photo before the rescuers arrived.
en rescue result	playmode-en-rescue-result-1280x800.png	ui-info	PASS	15.7	44.6	-85.9	727.4	165.6	772.0	18.1	ui-image:상태 HUD	0			bounds	[BOOTSTRAP] 김씨 생존기: 무인도/Canvas · ui.survival-hud/상태 HUD/날짜·상태	DAY 3/3 · Result/Hunger 25 | Energy 62
en rescue result	playmode-en-rescue-result-1280x800.png	ui-info	PASS	14.1	40.1	979.7	729.8	1366.2	769.9	14.5	ui-image:상태 HUD	0			bounds	[BOOTSTRAP] 김씨 생존기: 무인도/Canvas · ui.survival-hud/상태 HUD/보유 자원	Wood 0   Stone 1   Food 1   Salvage 1/Signal 2/2   Axe Owned   Rope Owned
en rescue result	playmode-en-rescue-result-1280x800.png	ui-info	PASS	9.2	15.4	1165.1	34.0	1319.0	49.4	8.2	ui-image:언어 설정	0			bounds	[BOOTSTRAP] 김씨 생존기: 무인도/Canvas · ui.survival-hud/조작 안내/언어 설정/라벨	English → Korean
en rescue result	playmode-en-rescue-result-1280x800.png	ui-info	PASS	10.0	17.0	74.0	33.2	932.7	50.2	18.1	ui-image:조작 안내	0			none	[BOOTSTRAP] 김씨 생존기: 무인도/Canvas · ui.survival-hud/조작 안내/조작	Keyboard & Mouse · Click or arrows+Enter to select · Built facilities move free · F1 language
en rescue result	playmode-en-rescue-result-1280x800.png	world-info	PASS	9.1	30.7	447.3	289.6	576.7	320.2	17.8	world-badge:Campfire 재배치 안내	0			none	[BOOTSTRAP] 김씨 생존기: 무인도/Runtime Placeholder World/Campfire · object.camp-structures/Campfire 재배치 안내/안내 문구	Campfire/↔ Move Free
en rescue result	playmode-en-rescue-result-1280x800.png	world-info	PASS	9.1	30.7	870.5	346.4	1008.6	377.1	17.8	world-badge:RainCollector 재배치 안내	0	ui-info:The improvised antenna worked by a miracle. Mr. Kim took a photo before the rescuers arrived.=50.5%		none	[BOOTSTRAP] 김씨 생존기: 무인도/Runtime Placeholder World/RainCollector · object.camp-structures/RainCollector 재배치 안내/안내 문구	Rain Collector/↔ Move Free
en rescue result	playmode-en-rescue-result-1280x800.png	world-info	PASS	9.1	30.5	703.3	310.9	832.7	341.4	17.8	world-badge:Workbench 재배치 안내	0			none	[BOOTSTRAP] 김씨 생존기: 무인도/Runtime Placeholder World/Workbench · object.camp-structures/Workbench 재배치 안내/안내 문구	Workbench/↔ Move Free
en rescue result	playmode-en-rescue-result-1280x800.png	world-info	PASS	9.1	30.5	304.7	139.5	446.9	170.0	11.1	world-badge:world.entrance 안내	0			none	[BOOTSTRAP] 김씨 생존기: 무인도/Runtime Placeholder World/world.entrance 안내/안내 문구	Keep Entrance Clear
en rescue result	playmode-en-rescue-result-1280x800.png	world-info	PASS	11.9	15.1	571.5	145.7	708.8	160.8	8.8	world-badge:world.required_path 안내	0			none	[BOOTSTRAP] 김씨 생존기: 무인도/Runtime Placeholder World/world.required_path 안내/안내 문구	Required Path
en rescue result	playmode-en-rescue-result-1280x800.png	world-info	PASS	11.9	33.7	1162.2	231.9	1345.9	265.5	10.9	world-badge:구조 신호대 전용 앵커 안내	0			bounds	[BOOTSTRAP] 김씨 생존기: 무인도/Runtime Placeholder World/구조 신호대 전용 앵커 안내/안내 문구	Dedicated Anchor · Signal 2/2
en rescue result	playmode-en-rescue-result-1280x800.png	world-info	PASS	9.1	33.7	763.4	136.5	1002.7	170.2	11.9	world-badge:호환 건설 구역 안내	0			none	[BOOTSTRAP] 김씨 생존기: 무인도/Runtime Placeholder World/호환 건설 구역 안내/안내 문구	General Facilities · 0.5m Floor Snap
ko day1 swimming	playmode-ko-day1-swimming-1280x800.png	exploration-world	FAIL	16.3	39.2	573.7	402.4	687.7	441.7	14.9	world-badge:자원 안내	0			height	[BOOTSTRAP] 김씨 생존기: 무인도/Runtime Placeholder World/Water Search · Food/자원 안내/안내 문구	헤엄쳐 수색/식량 ×2
ko day1 swimming	playmode-ko-day1-swimming-1280x800.png	exploration-world	FAIL	16.1	39.2	368.9	337.0	482.9	376.3	14.9	world-badge:자원 안내	0			height	[BOOTSTRAP] 김씨 생존기: 무인도/Runtime Placeholder World/Water Search · Salvage/자원 안내/안내 문구	헤엄쳐 수색/표류물 ×2
ko day1 swimming	playmode-ko-day1-swimming-1280x800.png	ui-info	PASS	12.3	15.7	1159.5	394.2	1248.3	409.8	6.6	ui-image:가방 0	0			none	[BOOTSTRAP] 김씨 생존기: 무인도/Canvas · ui.survival-hud/가방 · icon.resource-tool-set/가방 0/라벨	1. 나무 ×2
ko day1 swimming	playmode-ko-day1-swimming-1280x800.png	ui-info	PASS	15.1	15.2	1174.0	320.9	1232.9	336.1	12.1	ui-image:가방 1	0			none	[BOOTSTRAP] 김씨 생존기: 무인도/Canvas · ui.survival-hud/가방 · icon.resource-tool-set/가방 1/라벨	2. 빈칸
ko day1 swimming	playmode-ko-day1-swimming-1280x800.png	ui-info	PASS	15.1	15.2	1174.2	247.1	1232.9	262.3	12.1	ui-image:가방 2	0			none	[BOOTSTRAP] 김씨 생존기: 무인도/Canvas · ui.survival-hud/가방 · icon.resource-tool-set/가방 2/라벨	3. 빈칸
ko day1 swimming	playmode-ko-day1-swimming-1280x800.png	ui-info	PASS	15.1	15.2	1173.1	173.3	1232.9	188.5	12.1	ui-image:가방 3	0			none	[BOOTSTRAP] 김씨 생존기: 무인도/Canvas · ui.survival-hud/가방 · icon.resource-tool-set/가방 3/라벨	4. 빈칸
ko day1 swimming	playmode-ko-day1-swimming-1280x800.png	ui-info	PASS	21.4	51.7	1102.4	446.2	1302.7	497.9	14.0	ui-image:가방 · icon.resource-tool-set	1			bounds,overflow	[BOOTSTRAP] 김씨 생존기: 무인도/Canvas · ui.survival-hud/가방 · icon.resource-tool-set/가방 제목	수색 가방 4칸/한 묶음 최대 2개
ko day1 swimming	playmode-ko-day1-swimming-1280x800.png	ui-info	PASS	19.2	19.8	325.6	645.3	955.6	665.1	18.5	ui-image:김씨 독백 · 배치 상태 · effect.comedy-feedback	0			none	[BOOTSTRAP] 김씨 생존기: 무인도/Canvas · ui.survival-hud/김씨 독백 · 배치 상태 · effect.comedy-feedback/김씨 독백 또는 배치 상태	김씨 입수. 물은 생각보다 차갑고 가방은 생각보다 무겁다.
ko day1 swimming	playmode-ko-day1-swimming-1280x800.png	ui-info	PASS	19.4	51.7	-86.2	723.2	235.5	774.9	18.1	ui-image:상태 HUD	0			bounds	[BOOTSTRAP] 김씨 생존기: 무인도/Canvas · ui.survival-hud/상태 HUD/날짜·상태	DAY 1/3 · 얕은 연안 수영/허기 75 | 체력 94 | 일광 100
ko day1 swimming	playmode-ko-day1-swimming-1280x800.png	ui-info	PASS	17.8	44.2	1012.3	728.3	1366.9	772.6	14.5	ui-image:상태 HUD	0			bounds	[BOOTSTRAP] 김씨 생존기: 무인도/Canvas · ui.survival-hud/상태 HUD/보유 자원	나무 2   돌 1   식량 1   표류물 0/신호대 0/2   도끼 없음   밧줄 없음
ko day1 swimming	playmode-ko-day1-swimming-1280x800.png	ui-info	PASS	12.7	18.2	1166.9	32.2	1317.0	50.4	8.2	ui-image:언어 설정	0			bounds	[BOOTSTRAP] 김씨 생존기: 무인도/Canvas · ui.survival-hud/조작 안내/언어 설정/라벨	한국어 → English
ko day1 swimming	playmode-ko-day1-swimming-1280x800.png	ui-info	PASS	13.9	19.6	3.7	31.4	1000.6	51.0	18.1	ui-image:조작 안내	0			bounds	[BOOTSTRAP] 김씨 생존기: 무인도/Canvas · ui.survival-hud/조작 안내/조작	키보드·마우스 · A/D 또는 스틱 이동 · 해안에서 자동 수영 · Space/A 점프 · E/X 수색 · R/B 귀환 · F1/Y 언어
ko day1 swimming	playmode-ko-day1-swimming-1280x800.png	world-info	PASS	21.7	22.4	901.9	612.3	908.5	634.8	1.4	screenshot-border-median	0			none	[BOOTSTRAP] 김씨 생존기: 무인도/Runtime Placeholder World/귀환 지점/라벨	CAMP
ko day2 exploration	playmode-ko-day2-exploration-1280x800.png	exploration-world	FAIL	16.0	16.5	832.7	312.8	909.5	329.4	17.4	world-badge:자원 안내	0			height	[BOOTSTRAP] 김씨 생존기: 무인도/Runtime Placeholder World/Gather · Wood/자원 안내/안내 문구	나무 ×2
ko day2 exploration	playmode-ko-day2-exploration-1280x800.png	exploration-world	FAIL	16.3	39.2	411.6	402.4	525.6	441.7	14.9	world-badge:자원 안내	0			height	[BOOTSTRAP] 김씨 생존기: 무인도/Runtime Placeholder World/Water Search · Food/자원 안내/안내 문구	헤엄쳐 수색/식량 ×2
ko day2 exploration	playmode-ko-day2-exploration-1280x800.png	exploration-world	FAIL	16.1	39.2	206.8	337.0	320.8	376.3	14.9	world-badge:자원 안내	0			height	[BOOTSTRAP] 김씨 생존기: 무인도/Runtime Placeholder World/Water Search · Salvage/자원 안내/안내 문구	헤엄쳐 수색/표류물 ×2
ko day2 exploration	playmode-ko-day2-exploration-1280x800.png	ui-info	PASS	12.3	15.4	1149.8	394.2	1258.0	409.6	2.4	ui-image:가방 0	0			none	[BOOTSTRAP] 김씨 생존기: 무인도/Canvas · ui.survival-hud/가방 · icon.resource-tool-set/가방 0/라벨	1. 표류물 ×2
ko day2 exploration	playmode-ko-day2-exploration-1280x800.png	ui-info	PASS	12.3	15.7	1158.5	320.4	1248.3	336.1	6.6	ui-image:가방 1	0			none	[BOOTSTRAP] 김씨 생존기: 무인도/Canvas · ui.survival-hud/가방 · icon.resource-tool-set/가방 1/라벨	2. 나무 ×2
ko day2 exploration	playmode-ko-day2-exploration-1280x800.png	ui-info	PASS	12.5	15.7	1158.7	246.6	1248.3	262.3	6.6	ui-image:가방 2	0			none	[BOOTSTRAP] 김씨 생존기: 무인도/Canvas · ui.survival-hud/가방 · icon.resource-tool-set/가방 2/라벨	3. 나무 ×2
ko day2 exploration	playmode-ko-day2-exploration-1280x800.png	ui-info	PASS	12.1	15.4	1147.9	172.8	1258.0	188.2	2.4	ui-image:가방 3	0			none	[BOOTSTRAP] 김씨 생존기: 무인도/Canvas · ui.survival-hud/가방 · icon.resource-tool-set/가방 3/라벨	4. 표류물 ×2
ko day2 exploration	playmode-ko-day2-exploration-1280x800.png	ui-info	PASS	21.4	51.7	1102.4	446.2	1302.7	497.9	14.0	ui-image:가방 · icon.resource-tool-set	1			bounds,overflow	[BOOTSTRAP] 김씨 생존기: 무인도/Canvas · ui.survival-hud/가방 · icon.resource-tool-set/가방 제목	수색 가방 4칸/한 묶음 최대 2개
ko day2 exploration	playmode-ko-day2-exploration-1280x800.png	ui-info	PASS	19.2	21.3	456.6	643.8	825.3	665.1	18.5	ui-image:김씨 독백 · 배치 상태 · effect.comedy-feedback	0			none	[BOOTSTRAP] 김씨 생존기: 무인도/Canvas · ui.survival-hud/김씨 독백 · 배치 상태 · effect.comedy-feedback/김씨 독백 또는 배치 상태	나무을(를) 두고 새 물건을 챙겼다.
ko day2 exploration	playmode-ko-day2-exploration-1280x800.png	ui-info	PASS	16.2	51.7	-86.2	723.2	235.5	774.9	18.1	ui-image:상태 HUD	0			bounds	[BOOTSTRAP] 김씨 생존기: 무인도/Canvas · ui.survival-hud/상태 HUD/날짜·상태	DAY 2/3 · 섬 수색/허기 50 | 체력 66 | 일광 100
ko day2 exploration	playmode-ko-day2-exploration-1280x800.png	ui-info	PASS	17.7	44.2	1012.3	728.3	1366.9	772.6	14.5	ui-image:상태 HUD	0			bounds	[BOOTSTRAP] 김씨 생존기: 무인도/Canvas · ui.survival-hud/상태 HUD/보유 자원	나무 0   돌 1   식량 1   표류물 0/신호대 0/2   도끼 보유   밧줄 보유
ko day2 exploration	playmode-ko-day2-exploration-1280x800.png	ui-info	PASS	12.7	18.2	1166.9	32.2	1317.0	50.4	8.2	ui-image:언어 설정	0			bounds	[BOOTSTRAP] 김씨 생존기: 무인도/Canvas · ui.survival-hud/조작 안내/언어 설정/라벨	한국어 → English
ko day2 exploration	playmode-ko-day2-exploration-1280x800.png	ui-info	PASS	13.9	19.6	3.7	31.4	1000.6	51.0	18.1	ui-image:조작 안내	0			bounds	[BOOTSTRAP] 김씨 생존기: 무인도/Canvas · ui.survival-hud/조작 안내/조작	키보드·마우스 · A/D 또는 스틱 이동 · 해안에서 자동 수영 · Space/A 점프 · E/X 수색 · R/B 귀환 · F1/Y 언어
ko day2 exploration	playmode-ko-day2-exploration-1280x800.png	world-info	PASS	21.7	22.4	739.8	612.3	746.4	634.8	1.4	screenshot-border-median	0			none	[BOOTSTRAP] 김씨 생존기: 무인도/Runtime Placeholder World/귀환 지점/라벨	CAMP
ko placement invalid	playmode-ko-placement-invalid-1280x800.png	placement-status	PASS	21.3	51.7	353.2	629.2	927.6	681.0	13.0	ui-image:김씨 독백 · 배치 상태 · effect.comedy-feedback	0			none	[BOOTSTRAP] 김씨 생존기: 무인도/Canvas · ui.survival-hud/김씨 독백 · 배치 상태 · effect.comedy-feedback/김씨 독백 또는 배치 상태	[ 설치 불가 ]/캠프의 호환 건설 구역 밖에는 놓을 수 없다.
ko placement invalid	playmode-ko-placement-invalid-1280x800.png	placement-world	FAIL	14.9	15.7	321.3	146.3	429.6	162.0	11.1	world-badge:world.entrance 안내	0			height	[BOOTSTRAP] 김씨 생존기: 무인도/Runtime Placeholder World/world.entrance 안내/안내 문구	출입구 보호
ko placement invalid	playmode-ko-placement-invalid-1280x800.png	placement-world	FAIL	15.2	15.5	596.9	146.3	683.9	161.8	8.8	world-badge:world.required_path 안내	0			height	[BOOTSTRAP] 김씨 생존기: 무인도/Runtime Placeholder World/world.required_path 안내/안내 문구	필수 통로
ko placement invalid	playmode-ko-placement-invalid-1280x800.png	placement-world	FAIL	15.0	16.0	1148.6	241.3	1360.4	257.3	10.9	world-badge:구조 신호대 전용 앵커 안내	0			height,bounds	[BOOTSTRAP] 김씨 생존기: 무인도/Runtime Placeholder World/구조 신호대 전용 앵커 안내/안내 문구	전용 앵커 · 신호대 0/2
ko placement invalid	playmode-ko-placement-invalid-1280x800.png	placement-world	FAIL	15.2	36.8	169.7	287.1	257.8	323.9	10.7	world-badge:배치 판정	0			height	[BOOTSTRAP] 김씨 생존기: 무인도/Runtime Placeholder World/배치 유령 · object.camp-structures/배치 판정/안내 문구	모닥불/설치 불가
ko placement invalid	playmode-ko-placement-invalid-1280x800.png	placement-world	FAIL	15.0	15.5	756.9	146.3	1009.3	161.8	11.9	world-badge:호환 건설 구역 안내	0			height	[BOOTSTRAP] 김씨 생존기: 무인도/Runtime Placeholder World/호환 건설 구역 안내/안내 문구	일반 설비 · 0.5m 바닥 스냅
ko placement invalid	playmode-ko-placement-invalid-1280x800.png	ui-info	PASS	16.2	51.7	-86.2	723.2	135.4	774.9	18.1	ui-image:상태 HUD	0			bounds	[BOOTSTRAP] 김씨 생존기: 무인도/Canvas · ui.survival-hud/상태 HUD/날짜·상태	DAY 1/3 · 캠프 준비/허기 75 | 체력 100
ko placement invalid	playmode-ko-placement-invalid-1280x800.png	ui-info	PASS	17.7	44.2	996.2	728.3	1366.9	772.6	14.5	ui-image:상태 HUD	0			bounds	[BOOTSTRAP] 김씨 생존기: 무인도/Canvas · ui.survival-hud/상태 HUD/보유 자원	나무 12   돌 11   식량 1   표류물 10/신호대 0/2   도끼 없음   밧줄 없음
ko placement invalid	playmode-ko-placement-invalid-1280x800.png	ui-info	PASS	12.7	18.2	1166.9	32.2	1317.0	50.4	8.2	ui-image:언어 설정	0			bounds	[BOOTSTRAP] 김씨 생존기: 무인도/Canvas · ui.survival-hud/조작 안내/언어 설정/라벨	한국어 → English
ko placement invalid	playmode-ko-placement-invalid-1280x800.png	ui-info	PASS	15.2	17.7	122.4	33.4	881.9	51.2	18.1	ui-image:조작 안내	0			none	[BOOTSTRAP] 김씨 생존기: 무인도/Canvas · ui.survival-hud/조작 안내/조작	키보드·마우스 · 마우스로 위치 이동 · 클릭/Enter 확정 · 우클릭/Esc 취소 · F1 언어
ko placement valid	playmode-ko-placement-valid-1280x800.png	placement-status	PASS	21.2	51.7	411.5	629.2	866.3	681.0	11.1	ui-image:김씨 독백 · 배치 상태 · effect.comedy-feedback	0			none	[BOOTSTRAP] 김씨 생존기: 무인도/Canvas · ui.survival-hud/김씨 독백 · 배치 상태 · effect.comedy-feedback/김씨 독백 또는 배치 상태	[ 설치 가능 ]/모닥불 배치 가능 · 0.5m 바닥 스냅
ko placement valid	playmode-ko-placement-valid-1280x800.png	placement-world	FAIL	14.9	15.7	321.3	146.3	429.6	162.0	11.1	world-badge:world.entrance 안내	0			height	[BOOTSTRAP] 김씨 생존기: 무인도/Runtime Placeholder World/world.entrance 안내/안내 문구	출입구 보호
ko placement valid	playmode-ko-placement-valid-1280x800.png	placement-world	FAIL	15.2	15.5	596.9	146.3	683.9	161.8	8.8	world-badge:world.required_path 안내	0			height	[BOOTSTRAP] 김씨 생존기: 무인도/Runtime Placeholder World/world.required_path 안내/안내 문구	필수 통로
ko placement valid	playmode-ko-placement-valid-1280x800.png	placement-world	FAIL	15.0	16.0	1148.6	241.3	1360.4	257.3	10.9	world-badge:구조 신호대 전용 앵커 안내	0			height,bounds	[BOOTSTRAP] 김씨 생존기: 무인도/Runtime Placeholder World/구조 신호대 전용 앵커 안내/안내 문구	전용 앵커 · 신호대 0/2
ko placement valid	playmode-ko-placement-valid-1280x800.png	placement-world	FAIL	15.2	36.8	468.3	287.1	555.9	323.9	8.8	world-badge:배치 판정	0			height	[BOOTSTRAP] 김씨 생존기: 무인도/Runtime Placeholder World/배치 유령 · object.camp-structures/배치 판정/안내 문구	모닥불/설치 가능
ko placement valid	playmode-ko-placement-valid-1280x800.png	placement-world	FAIL	15.0	15.5	756.9	146.3	1009.3	161.8	11.9	world-badge:호환 건설 구역 안내	0			height	[BOOTSTRAP] 김씨 생존기: 무인도/Runtime Placeholder World/호환 건설 구역 안내/안내 문구	일반 설비 · 0.5m 바닥 스냅
ko placement valid	playmode-ko-placement-valid-1280x800.png	ui-info	PASS	16.2	51.7	-86.2	723.2	135.4	774.9	18.1	ui-image:상태 HUD	0			bounds	[BOOTSTRAP] 김씨 생존기: 무인도/Canvas · ui.survival-hud/상태 HUD/날짜·상태	DAY 1/3 · 캠프 준비/허기 75 | 체력 100
ko placement valid	playmode-ko-placement-valid-1280x800.png	ui-info	PASS	17.7	44.2	996.2	728.3	1366.9	772.6	14.5	ui-image:상태 HUD	0			bounds	[BOOTSTRAP] 김씨 생존기: 무인도/Canvas · ui.survival-hud/상태 HUD/보유 자원	나무 12   돌 11   식량 1   표류물 10/신호대 0/2   도끼 없음   밧줄 없음
ko placement valid	playmode-ko-placement-valid-1280x800.png	ui-info	PASS	12.7	18.2	1166.9	32.2	1317.0	50.4	8.2	ui-image:언어 설정	0			bounds	[BOOTSTRAP] 김씨 생존기: 무인도/Canvas · ui.survival-hud/조작 안내/언어 설정/라벨	한국어 → English
ko placement valid	playmode-ko-placement-valid-1280x800.png	ui-info	PASS	15.2	17.7	122.4	33.4	881.9	51.2	18.1	ui-image:조작 안내	0			none	[BOOTSTRAP] 김씨 생존기: 무인도/Canvas · ui.survival-hud/조작 안내/조작	키보드·마우스 · 마우스로 위치 이동 · 클릭/Enter 확정 · 우클릭/Esc 취소 · F1 언어
ko rescue result	playmode-ko-rescue-result-1280x800.png	ui-info	PASS	20.4	48.5	338.0	342.7	942.7	391.2	18.6	ui-image:결과	0	world-info:빗물받이/↔ 무료 재배치=53.4%		none	[BOOTSTRAP] 김씨 생존기: 무인도/Canvas · ui.survival-hud/결과/결과 설명	급조 안테나가 기적처럼 작동했다. 김씨는 구조대보다 먼저 사진부터 찍었다.
ko rescue result	playmode-ko-rescue-result-1280x800.png	ui-info	PASS	36.4	38.2	532.7	469.5	745.9	507.7	13.3	ui-image:결과	0			none	[BOOTSTRAP] 김씨 생존기: 무인도/Canvas · ui.survival-hud/결과/결과 제목	구조 성공!
ko rescue result	playmode-ko-rescue-result-1280x800.png	ui-info	PASS	15.7	15.7	600.1	232.8	681.4	248.5	8.2	ui-image:다시 시작	0			none	[BOOTSTRAP] 김씨 생존기: 무인도/Canvas · ui.survival-hud/결과/다시 시작/라벨	다시 시작
ko rescue result	playmode-ko-rescue-result-1280x800.png	ui-info	PASS	19.8	19.8	222.4	645.3	1057.8	665.1	18.5	ui-image:김씨 독백 · 배치 상태 · effect.comedy-feedback	0			none	[BOOTSTRAP] 김씨 생존기: 무인도/Canvas · ui.survival-hud/김씨 독백 · 배치 상태 · effect.comedy-feedback/김씨 독백 또는 배치 상태	급조 안테나가 기적처럼 작동했다. 김씨는 구조대보다 먼저 사진부터 찍었다.
ko rescue result	playmode-ko-rescue-result-1280x800.png	ui-info	PASS	16.2	51.7	-86.2	723.2	109.8	774.9	18.1	ui-image:상태 HUD	0			bounds	[BOOTSTRAP] 김씨 생존기: 무인도/Canvas · ui.survival-hud/상태 HUD/날짜·상태	DAY 3/3 · 결과/허기 25 | 체력 62
ko rescue result	playmode-ko-rescue-result-1280x800.png	ui-info	PASS	17.7	44.2	1012.3	728.3	1366.4	772.6	14.5	ui-image:상태 HUD	0			bounds	[BOOTSTRAP] 김씨 생존기: 무인도/Canvas · ui.survival-hud/상태 HUD/보유 자원	나무 0   돌 1   식량 1   표류물 1/신호대 2/2   도끼 보유   밧줄 보유
ko rescue result	playmode-ko-rescue-result-1280x800.png	ui-info	PASS	12.7	18.2	1166.9	32.2	1317.0	50.4	8.2	ui-image:언어 설정	0			bounds	[BOOTSTRAP] 김씨 생존기: 무인도/Canvas · ui.survival-hud/조작 안내/언어 설정/라벨	한국어 → English
ko rescue result	playmode-ko-rescue-result-1280x800.png	ui-info	PASS	16.3	17.1	84.3	34.0	920.1	51.1	18.1	ui-image:조작 안내	0			none	[BOOTSTRAP] 김씨 생존기: 무인도/Canvas · ui.survival-hud/조작 안내/조작	키보드·마우스 · 클릭 또는 방향키+Enter로 행동 선택 · 완공 설비는 무료 재배치 · F1 언어
ko rescue result	playmode-ko-rescue-result-1280x800.png	world-info	PASS	15.2	36.8	444.2	285.7	578.2	322.5	17.8	world-badge:Campfire 재배치 안내	0			none	[BOOTSTRAP] 김씨 생존기: 무인도/Runtime Placeholder World/Campfire · object.camp-structures/Campfire 재배치 안내/안내 문구	모닥불/↔ 무료 재배치
ko rescue result	playmode-ko-rescue-result-1280x800.png	world-info	PASS	15.3	36.8	870.8	342.6	1004.9	379.4	17.8	world-badge:RainCollector 재배치 안내	0	ui-info:급조 안테나가 기적처럼 작동했다. 김씨는 구조대보다 먼저 사진부터 찍었다.=53.4%		none	[BOOTSTRAP] 김씨 생존기: 무인도/Runtime Placeholder World/RainCollector · object.camp-structures/RainCollector 재배치 안내/안내 문구	빗물받이/↔ 무료 재배치
ko rescue result	playmode-ko-rescue-result-1280x800.png	world-info	PASS	15.5	36.8	700.2	307.0	834.2	343.8	17.8	world-badge:Workbench 재배치 안내	0			none	[BOOTSTRAP] 김씨 생존기: 무인도/Runtime Placeholder World/Workbench · object.camp-structures/Workbench 재배치 안내/안내 문구	작업대/↔ 무료 재배치
ko rescue result	playmode-ko-rescue-result-1280x800.png	world-info	PASS	14.9	15.7	321.3	146.3	429.6	162.0	11.1	world-badge:world.entrance 안내	0			none	[BOOTSTRAP] 김씨 생존기: 무인도/Runtime Placeholder World/world.entrance 안내/안내 문구	출입구 보호
ko rescue result	playmode-ko-rescue-result-1280x800.png	world-info	PASS	15.2	15.5	596.9	146.3	683.9	161.8	8.8	world-badge:world.required_path 안내	0			none	[BOOTSTRAP] 김씨 생존기: 무인도/Runtime Placeholder World/world.required_path 안내/안내 문구	필수 통로
ko rescue result	playmode-ko-rescue-result-1280x800.png	world-info	PASS	15.0	16.0	1148.6	241.3	1360.4	257.3	10.9	world-badge:구조 신호대 전용 앵커 안내	0			bounds	[BOOTSTRAP] 김씨 생존기: 무인도/Runtime Placeholder World/구조 신호대 전용 앵커 안내/안내 문구	전용 앵커 · 신호대 2/2
ko rescue result	playmode-ko-rescue-result-1280x800.png	world-info	PASS	15.0	15.5	756.9	146.3	1009.3	161.8	11.9	world-badge:호환 건설 구역 안내	0			none	[BOOTSTRAP] 김씨 생존기: 무인도/Runtime Placeholder World/호환 건설 구역 안내/안내 문구	일반 설비 · 0.5m 바닥 스냅
qps-long placement valid	playmode-qps-long-placement-1280x800.png	pseudo-long	PASS	16.8	47.1	286.1	630.5	994.2	677.6	11.1	ui-image:김씨 독백 · 배치 상태 · effect.comedy-feedback	0			none	[BOOTSTRAP] 김씨 생존기: 무인도/Canvas · ui.survival-hud/김씨 독백 · 배치 상태 · effect.comedy-feedback/김씨 독백 또는 배치 상태	[[[ VáAéLíIóDú ]/Pülñaácéeí Cóaúmüpñfáirée · 0.5mí fóloúorü snap]]
qps-long placement valid	playmode-qps-long-placement-1280x800.png	pseudo-long	FAIL	15.8	44.6	-86.2	727.4	477.2	772.0	18.1	ui-image:상태 HUD	0			height,bounds	[BOOTSTRAP] 김씨 생존기: 무인도/Canvas · ui.survival-hud/상태 HUD/날짜·상태	[[DáAéYí 1/3 · Cóaúmüpñ páréeípóaúrüañtáiéoínó/Huúngüerñ 75 | Enáerégy 100]]
qps-long placement valid	playmode-qps-long-placement-1280x800.png	pseudo-long	FAIL	14.2	62.0	731.3	718.9	1366.8	780.8	14.5	ui-image:상태 HUD	1			height,bounds,overflow	[BOOTSTRAP] 김씨 생존기: 무인도/Canvas · ui.survival-hud/상태 HUD/보유 자원	[[Wáoéoídó 12   Sútüoñnáeé 11   Fíoóoúdü 1   Sñaálévíaógúeü 10/Sñiágéníaólú 0/2   Aüxñeá Néoníe   Roópeú None]]
qps-long placement valid	playmode-qps-long-placement-1280x800.png	pseudo-long	FAIL	12.0	33.9	1163.8	24.9	1320.7	58.8	8.2	ui-image:언어 설정	0			height,bounds	[BOOTSTRAP] 김씨 생존기: 무인도/Canvas · ui.survival-hud/조작 안내/언어 설정/라벨	[[Eánégílóiúshü → Kñorean]]
qps-long placement valid	playmode-qps-long-placement-1280x800.png	pseudo-long	FAIL	13.1	37.2	-46.6	23.1	1053.4	60.3	18.1	ui-image:조작 안내	0			height,bounds	[BOOTSTRAP] 김씨 생존기: 무인도/Canvas · ui.survival-hud/조작 안내/조작	[[Káeéyíbóoúaürñdá & Méoíuósúeü · Mñoávéeí wóiútühñ máoéuísóeú · Cülñiácékí/Eónútüeñrá céoínfóirúm · Riüghñt-cláicék/Esíc caóncúelü · F1 language]]
qps-long placement valid	playmode-qps-long-placement-1280x800.png	pseudo-long	FAIL	8.7	37.8	322.8	134.7	428.6	172.6	11.1	world-badge:world.entrance 안내	0			height	[BOOTSTRAP] 김씨 생존기: 무인도/Runtime Placeholder World/world.entrance 안내/안내 문구	[[Káeéeípó Eúnütrñanáceé Clear]]
qps-long placement valid	playmode-qps-long-placement-1280x800.png	pseudo-long	FAIL	11.9	33.5	563.1	136.5	716.8	170.0	8.8	world-badge:world.required_path 안내	0			height	[BOOTSTRAP] 김씨 생존기: 무인도/Runtime Placeholder World/world.required_path 안내/안내 문구	[[Ráeéqíuióreúd Path]]
qps-long placement valid	playmode-qps-long-placement-1280x800.png	pseudo-long	FAIL	11.2	31.7	1133.7	233.0	1373.9	264.7	10.9	world-badge:구조 신호대 전용 앵커 안내	0			height,bounds	[BOOTSTRAP] 김씨 생존기: 무인도/Runtime Placeholder World/구조 신호대 전용 앵커 안내/안내 문구	[[Dáeédíiócúaütñeádé Aíncóhoúr · Siügnñal 0/2]]
qps-long placement valid	playmode-qps-long-placement-1280x800.png	pseudo-long	FAIL	12.0	33.7	405.3	288.0	617.5	321.7	8.8	world-badge:배치 판정	0			height	[BOOTSTRAP] 김씨 생존기: 무인도/Runtime Placeholder World/배치 유령 · object.camp-structures/배치 판정/안내 문구	[[Cáaémípófúiürñeá/Vaéliíd Plóacúement]]
qps-long placement valid	playmode-qps-long-placement-1280x800.png	pseudo-long	FAIL	9.8	27.7	738.0	139.7	1028.9	167.4	11.9	world-badge:호환 건설 구역 안내	0			height	[BOOTSTRAP] 김씨 생존기: 무인도/Runtime Placeholder World/호환 건설 구역 안내/안내 문구	[[Gáeéníeórúaülñ Fáaécíiólúiütñieás · 0.5mé Fíloóor Snap]]
